file,status,frames,nonfinite_frames_removed,actual_fps,refresh_setting
background_d20_r01_20260928_173835_274096.npz,loaded,19,0,1.9631366561238957,MLX90640_4_HZ
flame_d20_r01_20260928_174017_120803.npz,loaded,6,0,1.9592476489028212,MLX90640_4_HZ
background_d20_r02_20260928_174637_667358.npz,loaded,22,0,1.9580419580419581,MLX90640_4_HZ
flame_d20_r02_20260928_174703_776761.npz,loaded,6,0,1.9577133907595927,MLX90640_4_HZ
background_d20_r03_20260928_174933_991939.npz,loaded,22,0,1.9584071621747645,MLX90640_4_HZ
flame_d20_r03_20260928_175003_241644.npz,loaded,6,0,1.9584802193497846,MLX90640_4_HZ
background_d20_r04_20260928_175315_490021.npz,loaded,22,0,1.95822454308094,MLX90640_4_HZ
flame_d20_r04_20260928_175340_674275.npz,loaded,6,0,1.9584802193497846,MLX90640_4_HZ
background_d20_r05_20260928_175639_781634.npz,loaded,19,0,1.9580115305123464,MLX90640_4_HZ
flame_d20_r05_20260928_175706_730562.npz,loaded,6,0,1.9584802193497846,MLX90640_4_HZ
background_d30_r01_20260928_174054_223673.npz,loaded,19,0,1.9588638589618022,MLX90640_4_HZ
flame_d30_r01_20260928_174132_567848.npz,loaded,6,0,1.9584802193497846,MLX90640_4_HZ
background_d30_r02_20260928_174451_624922.npz,loaded,19,0,1.9580115305123464,MLX90640_4_HZ
flame_d30_r02_20260928_174524_675321.npz,loaded,6,0,1.9584802193497846,MLX90640_4_HZ
background_d30_r03_20260928_175029_232950.npz,loaded,19,0,1.95822454308094,MLX90640_4_HZ
flame_d30_r03_20260928_175237_390256.npz,loaded,6,0,1.9584802193497846,MLX90640_4_HZ
background_d30_r04_20260928_175509_722281.npz,loaded,19,0,1.9580115305123464,MLX90640_4_HZ
flame_d30_r04_20260928_175533_503957.npz,loaded,6,0,1.9584802193497846,MLX90640_4_HZ
background_d30_r05_20260928_175600_415873.npz,loaded,19,0,1.9580115305123464,MLX90640_4_HZ
flame_d30_r05_20260928_175624_527646.npz,loaded,6,0,1.9577133907595927,MLX90640_4_HZ
background_d40_r01_20260928_174155_507587.npz,loaded,19,0,1.95822454308094,MLX90640_4_HZ
flame_d40_r01_20260928_174259_293229.npz,loaded,6,0,1.9584802193497846,MLX90640_4_HZ
background_d40_r02_20260928_174543_207069.npz,loaded,19,0,1.9580115305123464,MLX90640_4_HZ
flame_d40_r02_20260928_174613_072072.npz,loaded,6,0,1.9577133907595927,MLX90640_4_HZ
background_d40_r03_20260928_174748_614970.npz,loaded,22,0,1.9580419580419581,MLX90640_4_HZ
flame_d40_r03_20260928_174811_482572.npz,loaded,6,0,1.9584802193497846,MLX90640_4_HZ
background_d40_r04_20260928_175416_492973.npz,loaded,22,0,1.9580419580419581,MLX90640_4_HZ
flame_d40_r04_20260928_175442_938333.npz,loaded,6,0,1.9577133907595927,MLX90640_4_HZ
background_d40_r05_20260928_175728_182555.npz,loaded,19,0,1.9580115305123464,MLX90640_4_HZ
flame_d40_r05_20260928_175757_401002.npz,loaded,6,0,1.9584802193497846,MLX90640_4_HZ
