distance_cm,repeat,condition,time_s,max_delta_c,top5_delta_c,hot_pixels,centroid_x,centroid_y
20,1,background,0.0,2.960000991821289,0.9064104618170322,0,,
20,1,background,0.5090000000000003,2.6000003814697266,0.8879487453362881,0,,
20,1,background,1.0190000000000001,2.6200008392333984,0.7307693774883564,0,,
20,1,background,1.5280000000000005,2.3800010681152344,0.7412819984631661,0,,
20,1,background,2.0380000000000003,2.25,0.8756409180470002,0,,
20,1,background,2.5470000000000006,2.0500011444091797,0.8338462144900591,0,,
20,1,flame,0.0,48.91999816894531,11.183076809614132,199,16.150753768844222,16.78894472361809
20,1,flame,0.51,49.349998474121094,11.834358655489408,186,16.150537634408604,16.962365591397848
20,1,flame,1.021,43.76999855041504,12.451538477188501,183,15.633879781420765,16.934426229508198
20,1,flame,1.531,57.85000038146973,12.436410072522285,210,16.32857142857143,16.485714285714284
20,1,flame,2.042,56.14000129699707,12.541794752463316,222,16.31081081081081,16.256756756756758
20,1,flame,2.552,53.839996337890625,12.747435643122746,218,16.224770642201836,16.440366972477065
20,2,background,0.0,4.69999885559082,2.4303844402997923,6,29.5,3.6666666666666665
20,2,background,0.511000000000001,3.255002021789551,2.0860258493667994,3,29.666666666666668,4.0
20,2,background,1.0220000000000002,3.524998664855957,2.237179316007174,4,30.0,4.0
20,2,background,1.5330000000000013,4.524998664855957,2.290384610493978,2,30.5,4.5
20,2,background,2.043000000000001,3.8999996185302734,2.2970512341230345,1,30.0,4.0
20,2,background,2.5540000000000003,3.8050012588500977,2.172692127716847,2,5.0,22.5
20,2,flame,0.0,66.84499931335449,15.759487176552797,40,16.675,15.25
20,2,flame,0.511,56.73499870300293,14.82769205631354,36,16.166666666666668,15.555555555555555
20,2,flame,1.022,51.825002670288086,14.66833342038668,39,16.102564102564102,14.564102564102564
20,2,flame,1.532,53.68500328063965,14.770256629356972,35,16.0,15.142857142857142
20,2,flame,2.043,56.8149995803833,14.873846078530336,36,15.805555555555555,14.777777777777779
20,2,flame,2.554,63.3149995803833,14.783846537272135,38,15.210526315789474,13.921052631578947
20,3,background,0.0,1.2900009155273438,0.5233333294208233,0,,
20,3,background,0.511000000000001,1.019998550415039,0.5056409591283554,0,,
20,3,background,1.0220000000000002,1.4200000762939453,0.7600000821627103,0,,
20,3,background,1.532,1.1700000762939453,0.47846173017452925,0,,
20,3,background,2.043000000000001,1.1199989318847656,0.5961539928729718,0,,
20,3,flame,0.0,72.36000061035156,16.315384400196564,59,11.508474576271187,11.542372881355933
20,3,flame,0.511,87.32999801635742,15.987435854398287,43,14.767441860465116,9.906976744186046
20,3,flame,1.022,68.56999588012695,18.032820383707683,46,14.869565217391305,11.41304347826087
20,3,flame,1.532,61.89999961853027,16.06435907804049,39,13.179487179487179,11.333333333333334
20,3,flame,2.043,73.22999954223633,16.390000123244064,44,13.931818181818182,11.386363636363637
20,3,flame,2.553,64.65999794006348,15.441281294211363,42,15.214285714285714,13.142857142857142
20,4,background,0.0,0.7100009918212891,0.3217949989514473,0,,
20,4,background,0.511000000000001,0.7000007629394531,0.23076927967560598,0,,
20,4,background,1.0210000000000008,0.7000007629394531,0.2994872362185747,0,,
20,4,background,1.532,0.7000007629394531,0.322051512889373,0,,
20,4,background,2.043000000000001,0.6300010681152344,0.165128414447491,0,,
20,4,flame,0.0,59.59999656677246,14.205384474534254,33,12.0,12.454545454545455
20,4,flame,0.51,60.269996643066406,13.944615290715145,33,15.121212121212121,13.575757575757576
20,4,flame,1.021,67.74999809265137,14.075384677984776,36,15.11111111111111,16.27777777777778
20,4,flame,1.532,61.93000030517578,14.301282149094801,40,15.2,15.725
20,4,flame,2.042,68.76999855041504,15.456922726753431,37,12.91891891891892,11.594594594594595
20,4,flame,2.553,63.570003509521484,16.090000299307015,41,12.75609756097561,10.487804878048781
20,5,background,0.0,2.409998893737793,0.9000001809535882,0,,
20,5,background,0.5109999999999992,2.7200002670288086,1.0060254610501802,0,,
20,5,background,1.020999999999999,2.280001640319824,0.7729486318734976,0,,
20,5,background,1.532,2.5699987411499023,0.8475641592954978,0,,
20,5,background,2.0429999999999993,2.530001640319824,1.049487334031325,0,,
20,5,flame,0.0,99.32499980926514,34.844231165372406,122,14.87704918032787,11.762295081967213
20,5,flame,0.51,111.07499694824219,36.79487191713773,97,16.31958762886598,14.474226804123711
20,5,flame,1.021,127.90500164031982,35.40500022203494,94,15.72340425531915,15.02127659574468
20,5,flame,1.532,136.45999908447266,41.6626923145392,104,15.711538461538462,13.807692307692308
20,5,flame,2.043,124.6500015258789,37.06358987857134,99,15.303030303030303,13.575757575757576
20,5,flame,2.553,122.38499736785889,36.96987225459172,92,14.945652173913043,14.271739130434783
30,1,background,0.0,0.5100002288818359,0.2343591543344351,0,,
30,1,background,0.5110000000000001,0.6900005340576172,0.3246153317964994,0,,
30,1,background,1.021,0.9199981689453125,0.38179500286395734,0,,
30,1,background,1.5319999999999991,1.4300003051757812,0.7505128322503506,0,,
30,1,background,2.0420000000000007,1.1499996185302734,0.5848719278971354,0,,
30,1,background,2.553,1.0200004577636719,0.5051282735971304,0,,
30,1,flame,0.0,26.340002059936523,5.173846318171575,32,13.96875,18.0
30,1,flame,0.51,29.780000686645508,4.584358900021284,15,13.733333333333333,14.066666666666666
30,1,flame,1.021,24.979999542236328,4.1374359130859375,15,13.266666666666667,14.333333333333334
30,1,flame,1.532,23.239999771118164,4.206666457347381,12,12.916666666666666,13.166666666666666
30,1,flame,2.042,25.3799991607666,4.299999970656175,12,12.916666666666666,13.416666666666666
30,1,flame,2.553,23.559999465942383,4.227948604485928,15,13.2,13.133333333333333
30,2,background,0.0,0.8300018310546875,0.32282071235852366,0,,
30,2,background,0.5109999999999992,0.7149982452392578,0.3357692620693109,0,,
30,2,background,1.020999999999999,0.9799995422363281,0.45589733123779297,0,,
30,2,background,1.532,0.7899990081787109,0.3143588579618014,0,,
30,2,background,2.0429999999999993,0.6300010681152344,0.4107691936003856,0,,
30,2,flame,0.0,26.66500186920166,5.544743391183706,19,13.68421052631579,13.526315789473685
30,2,flame,0.511,35.39999771118164,5.383204851395044,19,13.052631578947368,12.526315789473685
30,2,flame,1.021,31.579998016357422,5.470640916090745,20,13.25,12.5
30,2,flame,1.532,24.150001525878906,5.49794864654541,21,13.428571428571429,12.80952380952381
30,2,flame,2.043,23.189998626708984,5.387307484944661,20,13.4,12.95
30,2,flame,2.553,28.28999900817871,5.154358986096504,15,13.4,13.6
30,3,background,0.0,4.380001068115234,3.1387183849628153,1,2.0,0.0
30,3,background,0.5099999999999998,4.1100006103515625,3.0169230730105667,0,,
30,3,background,1.021,3.8800010681152344,2.686153998741737,0,,
30,3,background,1.5319999999999991,3.720001220703125,2.426923360580053,0,,
30,3,background,2.041999999999999,2.950000762939453,2.0228207417023487,0,,
30,3,background,2.553,3.1200008392333984,1.9848717909592848,0,,
30,3,flame,0.0,36.50000190734863,8.68307724977151,78,14.833333333333334,15.782051282051283
30,3,flame,0.511,34.689998626708984,8.957179534129608,79,14.075949367088608,15.012658227848101
30,3,flame,1.021,37.5,8.913590162228315,80,13.4875,14.5
30,3,flame,1.532,35.16999816894531,8.746666639279097,75,13.853333333333333,14.8
30,3,flame,2.042,32.86000061035156,8.688974184867662,76,14.18421052631579,14.723684210526315
30,3,flame,2.553,32.53000259399414,8.835897690210587,80,14.0875,15.0125
30,4,background,0.0,10.019999504089355,1.3960257310133715,0,,
30,4,background,0.5099999999999998,7.130000114440918,1.2594872010059845,0,,
30,4,background,1.020999999999999,7.459999084472656,1.4539744792840419,0,,
30,4,background,1.532,7.479999542236328,1.5430770042615058,0,,
30,4,background,2.0429999999999993,7.740001678466797,1.3710256478725336,0,,
30,4,flame,0.0,39.489999771118164,8.22025651198167,46,20.434782608695652,15.326086956521738
30,4,flame,0.511,38.750000953674316,7.722948930202386,33,19.696969696969695,14.696969696969697
30,4,flame,1.021,43.18999671936035,7.26487169510279,27,20.185185185185187,15.481481481481481
30,4,flame,1.532,44.580002784729004,7.580641159644494,25,20.68,14.96
30,4,flame,2.043,48.000000953674316,7.787692387898763,25,20.6,15.24
30,4,flame,2.553,48.9300012588501,7.774615630125388,25,20.72,15.08
30,5,background,0.0,1.3399982452392578,0.891538571088742,0,,
30,5,background,0.5110000000000001,1.8500003814697266,0.9076924935365335,0,,
30,5,background,1.0219999999999994,1.5500011444091797,0.8210257505759214,0,,
30,5,background,1.5319999999999991,1.3099994659423828,0.7807694459572817,0,,
30,5,background,2.043,1.6200008392333984,0.7907692835881159,0,,
30,5,background,2.5539999999999994,1.5500011444091797,0.7769233507987781,0,,
30,5,flame,0.0,36.44999885559082,8.437691810803535,36,19.02777777777778,14.944444444444445
30,5,flame,0.511,41.070003509521484,8.118717927199144,24,15.833333333333334,13.791666666666666
30,5,flame,1.021,35.81999969482422,7.887179154616136,24,15.791666666666666,14.291666666666666
30,5,flame,1.532,40.470001220703125,8.318717858730219,23,15.478260869565217,13.869565217391305
30,5,flame,2.043,44.96000099182129,8.500256513937925,24,15.125,12.875
30,5,flame,2.554,42.430002212524414,7.771794881576147,25,15.6,12.72
40,1,background,0.0,2.514998435974121,1.0746153073433118,2,0.0,1.5
40,1,background,0.5110000000000001,2.3299999237060547,1.0528206458458533,1,2.0,21.0
40,1,background,1.021,2.8899993896484375,1.2034614514081905,3,4.0,22.0
40,1,background,1.5319999999999991,3.0850000381469727,1.3574357399573693,6,5.166666666666667,22.333333333333332
40,1,background,2.043,2.695000648498535,1.342435787885617,6,3.8333333333333335,22.333333333333332
40,1,flame,0.0,21.6299991607666,3.8288461489555163,19,16.42105263157895,16.789473684210527
40,1,flame,0.51,17.67500114440918,3.108333171942295,11,16.09090909090909,14.0
40,1,flame,1.021,19.594999313354492,3.1139741799770255,15,14.733333333333333,14.533333333333333
40,1,flame,1.532,13.17500114440918,3.047435613778921,10,15.1,13.8
40,1,flame,2.043,23.510000228881836,3.4349997349274464,12,14.666666666666666,12.666666666666666
40,1,flame,2.553,13.065000534057617,3.2673075749323917,12,13.166666666666666,12.916666666666666
40,2,background,0.0,2.9099998474121094,1.3602566352257361,0,,
40,2,background,0.5110000000000001,3.1699981689453125,1.4689744313557942,1,0.0,20.0
40,2,background,1.0219999999999994,3.0699996948242188,1.4876925639617138,1,2.0,21.0
40,2,background,1.5330000000000004,3.059999465942383,1.5202564826378455,4,1.5,20.5
40,2,background,2.043,3.039999008178711,1.4858973576472356,3,3.3333333333333335,21.0
40,2,background,2.5539999999999994,3.059999465942383,1.7210255158253205,6,2.3333333333333335,17.333333333333332
40,2,flame,0.0,19.400001525878906,3.5553846603784804,18,11.833333333333334,17.333333333333332
40,2,flame,0.511,17.5,2.560768958849785,9,13.666666666666666,14.0
40,2,flame,1.022,13.569999694824219,2.619230710543119,7,13.428571428571429,14.142857142857142
40,2,flame,1.533,14.670000076293945,2.596922898903871,7,13.428571428571429,14.142857142857142
40,2,flame,2.043,20.060001373291016,2.864871783134265,8,12.5,13.5
40,2,flame,2.554,21.93000030517578,2.8502564063439,8,12.5,13.5
40,3,background,0.0,3.299999237060547,2.363589653602013,0,,
40,3,background,0.5109999999999992,3.4300003051757812,2.0153846251658902,0,,
40,3,background,1.0220000000000002,3.2199974060058594,1.6230768546079979,0,,
40,3,background,1.532,2.8799972534179688,1.497179471529447,0,,
40,3,background,2.0429999999999993,3.0900001525878906,1.673077167608799,0,,
40,3,flame,0.0,25.060001373291016,4.8248716990153,16,11.8125,16.75
40,3,flame,0.511,28.389999389648438,4.9779487022986775,12,12.166666666666666,15.416666666666666
40,3,flame,1.021,25.420000076293945,4.816153844197591,17,12.294117647058824,15.529411764705882
40,3,flame,1.532,25.869998931884766,4.753589776846079,15,12.133333333333333,15.266666666666667
40,3,flame,2.043,22.290000915527344,4.713333325508313,13,12.153846153846153,15.076923076923077
40,3,flame,2.553,23.84000015258789,4.7979487883738985,18,11.722222222222221,15.444444444444445
40,4,background,0.0,11.444998741149902,6.413974321805513,50,23.76,6.34
40,4,background,0.511000000000001,12.454998016357422,7.309359036959135,96,22.40625,6.197916666666667
40,4,background,1.0220000000000002,12.675000190734863,7.448589838468111,120,21.808333333333334,6.5
40,4,background,1.532,12.235000610351562,7.326025644938151,117,21.23931623931624,6.299145299145299
40,4,background,2.043000000000001,12.674999237060547,7.289871680430877,114,21.31578947368421,6.219298245614035
40,4,background,2.5540000000000003,12.345001220703125,7.276666396703476,111,20.9009009009009,6.153153153153153
40,4,flame,0.0,25.744998931884766,5.39499987088717,29,12.96551724137931,18.517241379310345
40,4,flame,0.511,23.67499828338623,4.358076878083058,19,18.05263157894737,16.63157894736842
40,4,flame,1.022,20.239998817443848,4.388077124571189,21,17.38095238095238,16.428571428571427
40,4,flame,1.533,26.345001220703125,4.609487142318335,18,16.5,15.722222222222221
40,4,flame,2.043,26.81500244140625,4.785384765038123,17,16.764705882352942,15.941176470588236
40,4,flame,2.554,24.775001525878906,4.399231128203563,20,16.1,15.3
40,5,background,0.0,0.9149990081787109,0.5924358856983674,0,,
40,5,background,0.5109999999999992,1.1750011444091797,0.5397434723682892,0,,
40,5,background,1.0220000000000002,1.8450002670288086,0.8182049775734926,0,,
40,5,background,1.532,5.345000267028809,1.778205162439591,2,13.5,21.0
40,5,background,2.0429999999999993,3.84999942779541,2.1233334908118615,7,10.142857142857142,16.857142857142858
40,5,flame,0.0,29.51499843597412,6.095641038356683,62,24.387096774193548,17.177419354838708
40,5,flame,0.51,25.250001907348633,5.718974260183481,52,23.865384615384617,17.192307692307693
40,5,flame,1.021,25.469999313354492,5.716923200167143,65,23.692307692307693,17.276923076923076
40,5,flame,1.532,23.51999855041504,5.671025814154209,58,23.862068965517242,16.844827586206897
40,5,flame,2.043,23.909997940063477,5.642435905260918,60,23.666666666666668,17.1
40,5,flame,2.553,23.39000129699707,5.685000199538011,61,23.40983606557377,17.18032786885246
