distance_cm,repeat,condition,file,analyzed_frames,actual_fps,mean_max_delta_c,mean_top5_delta_c,mean_hot_pixels,temporal_std_max_delta_c,temporal_std_hot_pixels,centroid_rms_pixels
20,1,background,background_d20_r01_20260928_173835_274096.npz,6,1.9631366561238957,2.4766674041748047,0.829316285940317,0.0,0.3200416984413942,0.0,
20,1,flame,flame_d20_r01_20260928_174017_120803.npz,6,1.9592476489028212,51.64499886830648,12.199102401733398,203.0,5.258010843111556,16.3707055437449,0.3538403172360829
20,2,background,background_d20_r02_20260928_174637_667358.npz,6,1.9580419580419581,3.951666514078776,2.2522862630012708,3.0,0.5621882392991925,1.7888543819998317,11.56996964260772
20,2,flame,flame_d20_r02_20260928_174703_776761.npz,6,1.9577133907595927,58.20333385467529,14.947243649735412,37.333333333333336,5.761760294214075,1.9663841605003503,0.6887357068556803
20,3,background,background_d20_r03_20260928_174933_991939.npz,5,1.9584071621747645,1.2039997100830078,0.572718018751878,0.0,0.15501685241933855,0.0,
20,3,flame,flame_d20_r03_20260928_175003_241644.npz,6,1.9584802193497846,71.34166526794434,16.371880188966408,45.5,8.96327481433209,7.00713921654194,1.577588016245746
20,4,background,background_d20_r04_20260928_175315_490021.npz,5,1.95822454308094,0.6880008697509765,0.2678462884364984,0.0,0.03271075767426762,0.0,
20,4,flame,flame_d20_r04_20260928_175340_674275.npz,6,1.9584802193497846,63.648332277933754,14.678931603064905,36.666666666666664,3.842293630604957,3.3862466931200785,2.4783660341176543
20,5,background,background_d20_r05_20260928_175639_781634.npz,5,1.9580115305123464,2.5020002365112304,0.9152051534408179,0.0,0.1663426526308594,0.0,
20,5,flame,flame_d20_r05_20260928_175706_730562.npz,6,1.9584802193497846,120.29999939600627,37.12337629204123,101.33333333333333,13.17044161723378,10.948363652467279,1.1450802167836798
30,1,background,background_d30_r01_20260928_174054_223673.npz,6,1.9588638589618022,0.9533332188924154,0.4635470871232514,0.0,0.327821040545023,0.0,
30,1,flame,flame_d30_r01_20260928_174132_567848.npz,6,1.9584802193497846,25.546666781107586,4.438376027294713,16.833333333333332,2.373476201347336,7.57407860182786,1.7362734993499018
30,2,background,background_d30_r02_20260928_174451_624922.npz,5,1.9580115305123464,0.7889999389648438,0.3679230714455629,0.0,0.13126299302336883,0.0,
30,2,flame,flame_d30_r02_20260928_174524_675321.npz,6,1.9584802193497846,28.212499459584553,5.406367379376012,19.0,4.628830018405302,2.0976176963403033,0.47748615754615154
30,3,background,background_d30_r03_20260928_175029_232950.npz,6,1.95822454308094,3.6933342615763345,2.546068558326134,0.16666666666666666,0.5589156781031861,0.408248290463863,0.0
30,3,flame,flame_d30_r03_20260928_175237_390256.npz,6,1.9584802193497846,34.87500031789144,8.80423091008113,78.0,1.960190858112777,2.0976176963403033,0.5706854068905779
30,4,background,background_d30_r04_20260928_175509_722281.npz,5,1.9580115305123464,7.965999984741211,1.4047180126874876,0.0,1.1684517944967765,0.0,
30,4,flame,flame_d30_r04_20260928_175533_503957.npz,6,1.9584802193497846,43.823333740234375,7.725171052492581,30.166666666666668,4.21930692966266,8.352644291879468,0.4386072810637533
30,5,background,background_d30_r05_20260928_175600_415873.npz,6,1.9580115305123464,1.5366668701171875,0.8281198159242287,0.0,0.19775474993722986,0.0,
30,5,flame,flame_d30_r05_20260928_175624_527646.npz,6,1.9577133907595927,40.200001080830894,8.172393024477184,26.0,3.5130396334845813,4.9396356140913875,1.5207985480463302
40,1,background,background_d40_r01_20260928_174155_507587.npz,5,1.95822454308094,2.7029996871948243,1.2061537864880685,3.6,0.29808993420132335,2.3021728866442674,8.379207069353944
40,1,flame,flame_d40_r01_20260928_174259_293229.npz,6,1.9584802193497846,18.108333587646484,3.3001494040856,13.166666666666666,4.330151502735463,3.311595788538611,1.7190782225669556
40,2,background,background_d40_r02_20260928_174543_207069.npz,6,1.9580115305123464,3.051665941874186,1.5073504977756078,2.5,0.08328617816856353,2.258317958127243,1.7524585904126557
40,2,flame,flame_d40_r02_20260928_174613_072072.npz,6,1.9577133907595927,17.855000495910645,2.8412392363589034,9.5,3.2399433756696663,4.230839160261236,1.4783277325605595
40,3,background,background_d40_r03_20260928_174748_614970.npz,5,1.9580419580419581,3.183998870849609,1.8344615545028293,0.0,0.2100722659115791,0.0,
40,3,flame,flame_d40_r03_20260928_174811_482572.npz,6,1.9584802193497846,25.145000139872234,4.813974356039975,15.166666666666666,2.049026045351405,2.3166067138525404,0.5805889494694152
40,4,background,background_d40_r04_20260928_175416_492973.npz,6,1.9580419580419581,12.304999669392904,7.177414486550877,101.33333333333333,0.4565963554196144,26.500314463543006,0.9642677473801377
40,4,flame,flame_d40_r04_20260928_175442_938333.npz,6,1.9577133907595927,24.599166870117188,4.655876151516906,20.666666666666668,2.414876704379141,4.320493798938574,1.9178302969465095
40,5,background,background_d40_r05_20260928_175728_182555.npz,5,1.9580115305123464,2.6260000228881837,1.1703845977783203,1.8,1.9061754711454686,3.0331501776206204,2.6661617294055775
40,5,flame,flame_d40_r05_20260928_175757_401002.npz,6,1.9584802193497846,25.175832907358807,5.755000069610074,59.666666666666664,2.300161408350704,4.4121045620731465,0.3280542907823748
